rsi,rsi_umbral,rsi_distancia,rsi_distancia_rel,volatilidad,tp_pct,sl_pct,tp_sl_ratio,vol_tp_interac,spread_tp_sl,log_precio,monto,es_btc,es_eth,hora,mes,es_ny_night,ganancia_neta,target
39.5,40.0,0.5,0.0125,4.09,2.04,7.1092094784451,0.28695173579920746,8.3436,11.35797578965689,7.4183188684201316,5.0,0,1,3,7,1,0.01,1
27.2,30.0,2.8000000000000007,0.09333333333333335,1.51,1.21,2.687079854036567,0.4503029555233805,1.8271,2.7195584176632965,11.596347073109301,5.0,1,0,7,7,0,0.02,1
38.2,40.0,1.7999999999999972,0.04499999999999993,4.0,3.2,6.971424682601491,0.459016649492923,12.8,7.194331620490127,7.848929824678738,5.0,0,1,11,7,0,0.02,1
22.6,30.0,7.399999999999999,0.24666666666666662,2.1,1.68,3.716669813569462,0.45201755449633024,3.528,3.7790949935500127,11.589672686952374,5.0,1,0,16,7,0,0.02,1
38.4,40.0,1.6000000000000014,0.040000000000000036,4.88,3.91,8.457365782374836,0.46231889463128656,19.0808,8.787692891689185,7.989726537235422,5.0,0,1,22,7,1,0.02,1
38.1,40.0,1.8999999999999986,0.047499999999999966,4.99,3.99,8.640224330368017,0.4617935654721655,19.910100000000003,8.985267563325861,7.993906921924913,5.0,0,1,7,7,0,-0.04,0
38.4,40.0,1.6000000000000014,0.040000000000000036,4.98,3.98,8.61951756186473,0.4617427798521677,19.820400000000003,8.962879486391422,7.982177328849029,5.0,0,1,14,7,0,0.02,1
40.0,40.0,0.0,0.0,4.78,3.83,8.292564722216767,0.4618595245616805,18.3074,8.60988620561867,7.986596739848458,5.0,0,1,17,7,0,0.03,1
33.9,40.0,6.100000000000001,0.15250000000000002,4.91,3.92,8.497407325151363,0.46131718181818165,19.2472,8.830908178625188,8.002861428320958,5.0,0,1,18,7,0,0.01,1
39.8,40.0,0.20000000000000284,0.005000000000000071,5.18,4.15,8.783366455771146,0.4724839867375938,21.497,9.147660424020026,8.00647756160069,5.0,0,1,19,7,0,0.01,1
39.9,40.0,0.10000000000000142,0.0025000000000000356,5.13,4.1,8.742757969423954,0.4689595679462853,21.032999999999998,9.101325477666814,8.010024207320457,5.0,0,1,21,7,1,-0.06,0
26.3,30.0,3.6999999999999993,0.12333333333333331,2.91,2.33,5.116305487483064,0.4554067394334246,6.7803,5.235352886151178,11.677254879550354,5.0,1,0,15,7,0,0.01,1
29.1,40.0,10.899999999999999,0.27249999999999996,6.21,4.97,9.499324063344917,0.5231951207115632,30.863699999999998,9.971590189182862,8.175150669521816,5.0,0,1,19,7,0,0.02,1
39.6,40.0,0.3999999999999986,0.009999999999999964,6.1,4.88,9.422804163695076,0.5178925418828133,29.767999999999997,9.882896764252697,8.180180808942515,5.0,0,1,2,7,1,0.03,1
31.2,40.0,8.8,0.22000000000000003,5.94,4.75,9.308547902094144,0.5102836715199578,28.215000000000003,9.75077617837991,8.172729104865471,5.0,0,1,17,7,0,0.04,1
38.5,40.0,1.5,0.0375,6.86,5.0,9.523663873085797,0.5250080291189374,34.300000000000004,9.999839420199876,8.225893918107637,5.0,0,1,19,7,0,0.02,1
26.3,30.0,3.6999999999999993,0.12333333333333331,2.56,2.05,4.509554048320519,0.4545904047349152,5.247999999999999,4.601785198145366,11.669411130880173,5.0,1,0,20,7,0,0.01,1
32.8,40.0,7.200000000000003,0.18000000000000008,6.33,5.0,9.523930688786542,0.5249933208656159,31.65,10.000133584472135,8.227629349546438,5.0,0,1,0,7,1,0.06,1
28.7,30.0,1.3000000000000007,0.043333333333333356,2.44,1.95,4.306253837964347,0.4528297850926977,4.758,4.390278890628563,11.666118629383025,5.0,1,0,4,7,1,0.03,1
26.6,30.0,3.3999999999999986,0.11333333333333329,2.32,1.85,4.09135646532286,0.4521727734261385,4.292,4.1671307256186845,11.678276330748483,5.0,1,0,12,7,0,0.02,1
29.1,30.0,0.8999999999999986,0.029999999999999954,2.43,1.94,4.283115045184882,0.45294137083265273,4.7142,4.366230992112242,11.664389710991893,5.0,1,0,2,7,1,0.02,1
37.8,40.0,2.200000000000003,0.05500000000000007,5.6,4.48,9.072140608604407,0.49381950669404046,25.088,9.478430082771471,8.20209881135412,5.0,0,1,4,7,1,0.02,1
37.4,40.0,2.6000000000000014,0.06500000000000003,5.24,4.19,8.821688495009727,0.47496576220869835,21.955600000000004,9.191447328927476,8.20653449988137,5.0,0,1,8,7,0,0.08,1
34.8,40.0,5.200000000000003,0.13000000000000006,5.3,4.24,8.867211062281088,0.4781661302769601,22.472,9.243495445226468,8.238811733847411,5.0,0,1,14,7,0,0.03,1
32.8,40.0,7.200000000000003,0.18000000000000008,5.15,4.12,8.757897499041212,0.4704325439354646,21.218000000000004,9.118588943678075,8.244468037828065,5.0,0,1,16,7,0,0.02,1
24.0,30.0,6.0,0.2,2.39,1.91,4.216926447250691,0.45293652234443466,4.5649,4.297469164477033,11.675621188838958,5.0,1,0,17,7,0,0.01,1
27.3,30.0,2.6999999999999993,0.08999999999999998,2.27,1.82,4.019613308909619,0.45277987212498866,4.1314,4.092729712564709,11.67720481901103,5.0,1,0,22,7,1,0.03,1
37.5,40.0,2.5,0.0625,4.95,3.96,8.567757295839119,0.46219796654640893,19.602,8.90691807196919,8.233635933541406,5.0,0,1,20,7,0,0.02,1
28.2,40.0,11.8,0.29500000000000004,4.97,3.97,8.599735463193781,0.4616421071312368,19.7309,8.94148325637242,8.237780830446912,5.0,0,1,21,7,1,0.04,1
36.9,40.0,3.1000000000000014,0.07750000000000004,4.64,3.71,8.052605922421996,0.4607204221517569,17.214399999999998,8.351500787776493,8.226404966530563,5.0,0,1,18,7,0,0.02,1
28.1,40.0,11.899999999999999,0.2975,4.49,3.59,7.793894283350533,0.4606169739393344,16.1191,8.073558558439043,8.234557033564457,5.0,0,1,14,7,0,0.02,1
36.5,40.0,3.5,0.0875,4.36,3.49,7.587378430287284,0.45997442095001145,15.216400000000002,7.852169000997794,8.23969376606444,5.0,0,1,15,7,0,0.02,1
21.0,40.0,19.0,0.475,4.92,3.93,8.513778349789003,0.46160468813442823,19.3356,8.848606117220474,8.19376234498231,5.0,0,1,9,8,0,0.03,1
30.8,40.0,9.2,0.22999999999999998,4.83,3.86,8.367803818228426,0.461291885403835,18.6438,8.691033074186315,8.200485934323712,5.0,0,1,11,8,0,0.02,1
25.6,30.0,4.399999999999999,0.1466666666666666,2.21,1.77,3.916520254326661,0.4519317876741846,3.9117,3.985901957354226,11.629175325914686,5.0,1,0,18,8,0,0.02,1
27.9,30.0,2.1000000000000014,0.07000000000000005,2.3,1.84,4.068961958695061,0.4522037853089436,4.232,4.143901533938529,11.645519430847562,5.0,1,0,6,8,0,0.02,1
34.8,40.0,5.200000000000003,0.13000000000000006,5.48,4.38,8.988668720472127,0.48728016753185466,24.0024,9.382619019286063,8.192429343319178,5.0,0,1,7,8,0,0.02,1
30.9,40.0,9.100000000000001,0.22750000000000004,5.31,4.25,8.868567017232165,0.4792205991951114,22.5675,9.24504537775291,8.196555326813764,5.0,0,1,12,8,0,0.02,1
36.8,40.0,3.200000000000003,0.08000000000000007,5.08,4.06,8.708540952461263,0.46620898060455657,20.624799999999997,9.062316623067522,8.201621802355922,5.0,0,1,13,8,0,0.02,1
29.2,30.0,0.8000000000000007,0.02666666666666669,2.27,1.82,4.0145442983593576,0.45335157984027924,4.1314,4.087474656538539,11.650842140670154,5.0,1,0,7,8,0,0.08,1
29.3,30.0,0.6999999999999993,0.02333333333333331,2.07,1.66,3.67214853851604,0.4520514305423021,3.4361999999999995,3.7330747478465347,11.665650672151079,5.0,1,0,12,8,0,0.01,1
17.9,30.0,12.100000000000001,0.4033333333333334,2.02,1.62,3.577355610566635,0.4528484658374235,3.2724,3.6351521630399564,11.66532246514266,5.0,1,0,23,8,1,0.03,1
34.7,40.0,5.299999999999997,0.13249999999999992,5.46,4.37,8.978896944883763,0.48669675427002823,23.8602,9.37138991641875,8.34243734234214,5.0,0,1,10,8,0,0.02,1
36.7,40.0,3.299999999999997,0.08249999999999993,5.68,4.54,9.130066150700278,0.4972581715250531,25.7872,9.54502686420011,8.347441106785805,5.0,0,1,14,8,0,0.01,1
29.7,30.0,0.3000000000000007,0.010000000000000024,2.3,1.84,4.073759594870985,0.45167122829649264,4.232,4.148877503935892,11.694860697150439,5.0,1,0,16,8,0,0.07,1
32.8,40.0,7.200000000000003,0.18000000000000008,6.27,5.0,9.523948537231263,0.524992336996979,31.349999999999998,10.000153262409324,8.426684068074005,5.0,0,1,12,8,0,0.04,1
36.8,40.0,3.200000000000003,0.08000000000000007,6.43,5.0,9.524006161037624,0.5249891605966012,32.15,10.000216792767787,8.43656864784235,5.0,0,1,13,8,0,0.06,1
33.9,40.0,6.100000000000001,0.15250000000000002,6.05,4.84,9.386604231965057,0.5156284296634035,29.282,9.841019865918252,8.42210858616806,5.0,0,1,16,8,0,0.01,1
36.8,40.0,3.200000000000003,0.08000000000000007,6.17,4.94,9.46867409741845,0.5217203537871102,30.4798,9.936050563447575,8.425731197836491,5.0,0,1,0,8,1,0.06,1
38.2,40.0,1.7999999999999972,0.04499999999999993,6.12,4.9,9.43373808397283,0.5194123428468626,29.988000000000003,9.895576001175085,8.410324872928166,5.0,0,1,14,8,0,0.04,1
17.6,30.0,12.399999999999999,0.4133333333333333,3.03,2.43,5.329219046459488,0.4559767535947676,7.3629,5.458505886099286,11.65676179141044,5.0,1,0,4,8,1,0.02,1
38.0,40.0,2.0,0.05,6.23,4.99,9.513287749671607,0.5245294929896609,31.087700000000005,9.98778814554268,8.35273827145064,5.0,0,1,6,8,0,-0.01,0
32.1,40.0,7.899999999999999,0.19749999999999995,6.34,5.0,9.523820179963248,0.5249994125801832,31.7,9.999999999999993,8.356061534504837,5.0,0,1,8,8,0,0.02,1
23.3,30.0,6.699999999999999,0.2233333333333333,2.64,2.11,4.652303711709427,0.45353874784428216,5.5704,4.750530063136916,11.6429238990398,5.0,1,0,14,8,0,0.02,1
33.2,40.0,6.799999999999997,0.16999999999999993,6.4,5.0,9.523809523809534,0.5249999999999995,32.0,10.000000000000005,8.361007108226909,5.0,0,1,9,8,0,-0.04,0
24.9,30.0,5.100000000000001,0.17000000000000004,2.21,1.77,3.9084036639090547,0.45287031540383554,3.9117,3.977495437696831,11.63598601667472,5.0,1,0,12,8,0,-0.02,0
31.4,40.0,8.600000000000001,0.21500000000000002,5.73,4.59,9.165965561725287,0.5007655733692322,26.300700000000003,9.58634752064274,8.357444538802675,5.0,0,1,13,8,0,0.03,1
22.4,30.0,7.600000000000001,0.25333333333333335,2.03,1.63,3.600484172880958,0.4527168907663165,3.3088999999999995,3.6590366328117567,11.629637527339398,5.0,1,0,16,8,0,0.02,1
38.2,40.0,1.7999999999999972,0.04499999999999993,6.94,5.0,9.523655590283608,0.525008485722771,34.7,9.999830288424825,8.458266627083818,5.0,0,1,7,8,0,0.02,1
36.0,40.0,4.0,0.1,7.21,5.0,9.523828664336676,0.5249989448805612,36.05,10.000021102433305,8.463537107839498,5.0,0,1,9,8,0,0.02,1
32.4,40.0,7.600000000000001,0.19000000000000003,6.76,5.0,9.523652831306217,0.5250086378163603,33.8,9.99982724665722,8.440502193815071,5.0,0,1,6,8,0,0.01,1
28.1,30.0,1.8999999999999986,0.06333333333333328,2.77,2.22,4.881290773123325,0.4547977375622553,6.149400000000001,4.989536958279199,11.621883451961448,5.0,1,0,7,8,0,0.03,1
28.1,40.0,11.899999999999999,0.2975,7.85,5.0,9.523788676436784,0.5250011492139379,39.25,9.999977015774071,8.37811731364493,5.0,0,1,21,8,1,0.04,1
32.2,40.0,7.799999999999997,0.19499999999999992,7.7,5.0,9.52364431935715,0.5250091070534123,38.5,9.999817862249225,8.387603733434144,5.0,0,1,22,8,1,0.03,1
35.0,40.0,5.0,0.125,7.61,5.0,9.523973635462902,0.5249909535009943,38.050000000000004,10.000180933253738,8.394238807357363,5.0,0,1,1,8,1,0.02,1
29.9,30.0,0.10000000000000142,0.003333333333333381,3.02,2.42,5.313548005893742,0.4554395664282616,7.3084,5.442066592973904,11.608128184455445,5.0,1,0,6,8,0,-0.02,0
38.9,40.0,1.1000000000000014,0.027500000000000035,7.32,5.0,9.523689224323961,0.5250066315929083,36.6,9.99986736990093,8.417120890691743,5.0,0,1,22,8,1,0.01,1
36.0,40.0,4.0,0.1,6.76,5.0,9.523730148477505,0.5250043756016456,33.8,9.999912488732923,8.427452274437558,5.0,0,1,5,8,1,0.02,1
32.9,40.0,7.100000000000001,0.17750000000000005,6.87,5.0,9.524011926798536,0.5249888427723476,34.35,10.00022314953251,8.4076684618868,5.0,0,1,18,8,0,0.02,1
32.9,40.0,7.100000000000001,0.17750000000000005,5.34,4.27,8.891818129542228,0.48021674957715643,22.801799999999997,9.271648413483602,8.374760585993126,5.0,0,1,16,8,0,-0.03,0
34.3,40.0,5.700000000000003,0.14250000000000007,5.57,4.46,9.055342122558086,0.4925269459327809,24.842200000000002,9.45912946521133,8.375809334448421,5.0,0,1,19,8,0,-0.03,0
29.3,30.0,0.6999999999999993,0.02333333333333331,3.1,2.48,5.441857280172968,0.45572676244849514,7.688,5.576736349695575,11.584762009384047,5.0,1,0,1,8,1,0.04,1
39.2,40.0,0.7999999999999972,0.019999999999999928,5.41,4.33,8.938626188096798,0.48441448483057536,23.4253,9.325246921093179,8.37899492586101,5.0,0,1,19,8,0,0.02,1
27.3,30.0,2.6999999999999993,0.08999999999999998,2.92,2.34,5.137182120888051,0.45550263645227557,6.8328,5.257214315130648,11.594204300630357,5.0,1,0,14,8,0,0.02,1
36.0,40.0,4.0,0.1,5.62,4.5,9.089047080536105,0.4951014072351547,25.29,9.497863077578142,8.387501275700714,5.0,0,1,23,8,1,0.02,1
38.3,40.0,1.7000000000000028,0.04250000000000007,5.67,4.54,9.124313603215006,0.497571674695651,25.7418,9.53841487430451,8.393401640732684,5.0,0,1,1,9,1,0.05,1
24.0,40.0,16.0,0.4,5.03,4.02,8.671673237135991,0.46357835334299247,20.220599999999997,9.020296133091858,8.36277314197891,5.0,0,1,22,9,1,0.03,1
32.6,40.0,7.399999999999999,0.18499999999999997,5.05,4.04,8.68753522711322,0.4650340855472366,20.402,9.038359021902865,8.369736721948362,5.0,0,1,23,9,1,0.05,1
39.7,40.0,0.29999999999999716,0.007499999999999929,4.21,3.37,7.3329160550086865,0.45957160490036564,14.1877,7.579950334324001,8.3656095472651,5.0,0,1,18,9,0,0.01,1
39.5,40.0,0.5,0.0125,4.51,3.61,7.833168109669719,0.4608607844817738,16.2811,8.115702785918314,8.369416819121913,5.0,0,1,20,9,0,0.01,1
28.7,40.0,11.3,0.28250000000000003,4.58,3.66,7.951213405111924,0.4603071020137562,16.762800000000002,8.24248633879782,8.387539983189367,5.0,0,1,4,9,1,0.01,1
28.3,30.0,1.6999999999999993,0.05666666666666664,2.43,1.95,4.294890819985686,0.45402783952643033,4.7385,4.378468667882421,11.614155090236647,5.0,1,0,5,9,1,0.03,1
35.8,40.0,4.200000000000003,0.10500000000000007,4.32,3.45,7.5107446715200314,0.4593419362373007,14.904000000000002,7.770117758616377,8.391214916332286,5.0,0,1,10,9,0,0.07,1
35.4,40.0,4.600000000000001,0.11500000000000003,4.76,3.81,8.253503507430725,0.46162214586445777,18.1356,8.567784756953243,8.365651438710408,5.0,0,1,21,9,1,0.01,1
38.9,40.0,1.1000000000000014,0.027500000000000035,4.68,3.75,8.125008380674824,0.46153798547695074,17.549999999999997,8.4293994899142,8.369388996647842,5.0,0,1,22,9,1,0.01,1
25.2,30.0,4.800000000000001,0.16000000000000003,2.56,2.05,4.51534882679312,0.45400700557966545,5.247999999999999,4.607819549444945,11.61066895460074,5.0,1,0,16,9,0,0.02,1
37.6,40.0,2.3999999999999986,0.05999999999999996,3.41,2.73,5.973637826653377,0.4570079538165496,9.3093,6.136558868407703,8.370749072947618,5.0,0,1,5,9,1,0.04,1
28.4,30.0,1.6000000000000014,0.05333333333333338,2.08,1.66,3.680351891933309,0.4510438264445395,3.4528,3.7415529575139064,11.622050326579144,5.0,1,0,20,9,0,0.04,1
22.6,40.0,17.4,0.43499999999999994,3.38,2.7,5.920293298934065,0.45605848623853296,9.126,6.080284862275492,8.366935258342652,5.0,0,1,21,9,1,0.01,1
33.2,40.0,6.799999999999997,0.16999999999999993,3.38,2.7,5.920230875025368,0.4560632949958106,9.126,6.080211179548925,8.37068655464073,5.0,0,1,22,9,1,0.06,1
39.1,40.0,0.8999999999999986,0.022499999999999964,3.46,2.77,6.054434712426882,0.4575158758115773,9.5842,6.221851686320338,8.4454651542001,5.0,0,1,15,9,0,0.01,1
29.9,30.0,0.10000000000000142,0.003333333333333381,1.89,1.51,3.343957553505905,0.4515607557329401,2.8539,3.3944053847804803,11.654633425666358,5.0,1,0,15,9,0,0.01,1
25.2,40.0,14.8,0.37,3.73,2.98,6.514173127982659,0.4574640466951883,11.1154,6.708388767514601,8.410680901610036,5.0,0,1,16,9,0,0.01,1
23.6,40.0,16.4,0.41,3.84,3.07,6.699102842897487,0.45827031947343083,11.788799999999998,6.904677977524598,8.414209848044162,5.0,0,1,20,9,0,0.02,1
38.4,40.0,1.6000000000000014,0.040000000000000036,3.53,2.82,6.176755280533763,0.45655038477682897,9.9546,6.351110577927072,8.412112636565727,5.0,0,1,11,9,0,0.03,1
39.9,40.0,0.10000000000000142,0.0025000000000000356,3.47,2.78,6.076744266731449,0.45748181558663853,9.6466,6.245417449461029,8.40896857814376,5.0,0,1,16,9,0,0.03,1
26.5,30.0,3.5,0.11666666666666667,1.66,1.33,2.948517382923521,0.4510741594072867,2.2078,2.98766938960513,11.658341134000779,5.0,1,0,19,9,0,0.03,1
29.5,30.0,0.5,0.016666666666666666,1.72,1.38,3.0598673040232893,0.450999949633599,2.3735999999999997,3.102053430396255,11.66554354239074,5.0,1,0,9,9,0,-0.09,0
24.8,30.0,5.199999999999999,0.1733333333333333,1.63,1.3,2.896315785563708,0.4488460845601413,2.1189999999999998,2.9340848639819574,11.646349539336352,5.0,1,0,1,9,1,-0.03,0
18.0,40.0,22.0,0.55,3.48,2.78,6.088186513979954,0.45662201603325475,9.674399999999999,6.257504290654377,8.367734487036612,5.0,0,1,3,9,1,-0.02,0
22.2,30.0,7.800000000000001,0.26,1.97,1.57,3.485993960511591,0.450373700524023,3.0929,3.540853488854718,11.633378444263931,5.0,1,0,6,9,0,0.04,1
29.4,30.0,0.6000000000000014,0.02000000000000005,2.17,1.73,3.8322795658021325,0.4514284436443234,3.7540999999999998,3.898683318762252,11.599052609474848,5.0,1,0,23,9,1,0.02,1
35.8,40.0,4.200000000000003,0.10500000000000007,4.55,3.64,7.90375437978823,0.4605406272882595,16.562,8.191501592014442,8.294354593598984,5.0,0,1,2,9,1,-0.02,0
25.1,40.0,14.899999999999999,0.37249999999999994,5.0,4.0,8.650820123852476,0.4623839061190278,20.0,8.996734630264122,8.28856211111808,5.0,0,1,12,9,0,0.04,1
38.5,40.0,1.5,0.0375,4.13,3.3,7.193087303968227,0.4587738005320026,13.629,7.430643504317922,8.318261649416266,5.0,0,1,12,9,0,0.08,1
16.0,30.0,14.0,0.4666666666666667,2.12,1.7,3.7571351984699186,0.4524724052230858,3.604,3.820938754660875,11.633211764844722,5.0,1,0,9,9,0,0.02,1
21.2,40.0,18.8,0.47000000000000003,4.28,3.42,7.444225859110132,0.45941647455721074,14.6376,7.698949039224648,8.332813518152811,5.0,0,1,10,9,0,-0.01,0
27.7,30.0,2.3000000000000007,0.07666666666666669,2.29,1.83,4.051436297958999,0.45169166325579485,4.1907000000000005,4.125725778330726,11.636082125696198,5.0,1,0,15,9,0,0.02,1
38.2,40.0,1.7999999999999972,0.04499999999999993,3.98,3.18,6.937893548449758,0.4583523771001873,12.656400000000001,7.1586234238889475,8.409538936036512,5.0,0,1,9,10,0,0.06,1
25.2,30.0,4.800000000000001,0.16000000000000003,2.68,2.14,4.7243197913129364,0.4529752630071794,5.735200000000001,4.825643764909558,11.70828383864048,5.0,1,0,18,10,0,0.02,1
23.7,30.0,6.300000000000001,0.21000000000000002,3.01,2.41,5.289191544711736,0.4556461946267719,7.2541,5.41652059554093,11.719935081498662,5.0,1,0,18,10,0,0.04,1
31.4,40.0,8.600000000000001,0.21500000000000002,4.03,3.22,7.028773996321203,0.4581168780907338,12.976600000000001,7.255429816859279,8.408997549472176,5.0,0,1,19,10,0,0.02,1
22.5,40.0,17.5,0.4375,4.0,3.2,6.971532300386263,0.459009563768743,12.8,7.194445800835425,8.413036395441544,5.0,0,1,21,10,1,0.02,1
30.0,30.0,0.0,0.0,2.88,2.3,5.067908295504619,0.4538361520945764,6.624,5.184688454951026,11.725355753672835,5.0,1,0,7,10,0,0.01,1
38.2,40.0,1.7999999999999972,0.04499999999999993,4.05,3.24,7.063840024555434,0.45867403405754664,13.122,7.292799698524299,8.448991435486263,5.0,0,1,8,10,0,0.02,1
29.5,30.0,0.5,0.016666666666666666,2.75,2.2,4.837322915121134,0.454797010371781,6.050000000000001,4.943606653953972,11.728983815423563,5.0,1,0,9,10,0,-0.01,0
28.9,30.0,1.1000000000000014,0.036666666666666715,2.92,2.34,5.137154680834987,0.45550506951440656,6.8328,5.257185637915419,11.717704292309607,5.0,1,0,14,10,0,0.05,1
30.2,40.0,9.8,0.24500000000000002,4.47,3.58,7.774309025199688,0.4604910852393143,16.0026,8.052544442696014,8.414493576863382,5.0,0,1,15,10,0,0.02,1
39.2,40.0,0.7999999999999972,0.019999999999999928,4.23,3.38,7.35858238236572,0.4593276020256173,14.297400000000001,7.607380314628758,8.392269219858473,5.0,0,1,2,10,1,0.04,1
24.9,30.0,5.100000000000001,0.17000000000000004,2.85,2.28,5.020831913127511,0.45410801226758696,6.497999999999999,5.135428005653527,11.71100635523458,5.0,1,0,7,10,0,0.03,1
37.5,40.0,2.5,0.0625,10.16,5.0,9.523809523809524,0.525,50.8,10.0,8.315174921716975,5.0,0,1,15,10,0,0.03,1
39.2,40.0,0.7999999999999972,0.019999999999999928,11.19,5.0,9.523878915053995,0.524996174835519,55.949999999999996,10.000076503874906,8.274196361523094,5.0,0,1,17,10,0,-0.07,0
34.5,40.0,5.5,0.1375,11.14,5.0,9.52401913313965,0.5249884455399787,55.7,10.000231094540766,8.26732314808042,5.0,0,1,23,10,1,0.04,1
31.1,40.0,8.899999999999999,0.22249999999999998,6.27,5.0,9.523740653428403,0.5250037965072133,31.349999999999998,9.999924070432265,8.28173158339699,5.0,0,1,17,10,0,0.02,1
29.5,40.0,10.5,0.2625,6.26,5.0,9.523786699770653,0.525001258178158,31.299999999999997,9.999974836500162,8.287530939464911,5.0,0,1,18,10,0,-0.0,0
36.1,40.0,3.8999999999999986,0.09749999999999996,6.32,5.0,9.52360487354149,0.5250112815884472,31.6,9.999774373321904,8.291268275691644,5.0,0,1,22,10,1,0.04,1
30.1,40.0,9.899999999999999,0.24749999999999997,6.14,4.91,9.45016548846741,0.519567620904836,30.147399999999998,9.91459425180388,8.263366180670607,5.0,0,1,4,10,1,-0.03,0
12.2,30.0,17.8,0.5933333333333334,3.97,3.18,6.923918588264932,0.4592774971949631,12.624600000000001,7.143753245565805,11.591429851572856,5.0,1,0,5,10,1,0.02,1
36.5,40.0,3.5,0.0875,5.48,4.39,8.99302263328673,0.48815622722341157,24.0572,9.387600543194408,8.250411183072199,5.0,0,1,20,10,0,0.02,1
32.6,40.0,7.399999999999999,0.18499999999999997,5.42,4.33,8.944637186875227,0.4840889473251702,23.4686,9.332126780113349,8.271796362413646,5.0,0,1,18,10,0,0.01,1
37.7,40.0,2.299999999999997,0.057499999999999926,5.32,4.26,8.880388104764837,0.4797087638224129,22.6632,9.258556537196965,8.275511363177948,5.0,0,1,19,10,0,-0.02,0
33.9,40.0,6.100000000000001,0.15250000000000002,4.95,3.96,8.56509148010689,0.46234182194053813,19.602,8.904039914745196,8.325742086834518,5.0,0,1,20,10,0,0.03,1
29.8,30.0,0.1999999999999993,0.006666666666666643,3.0,2.4,5.270316000441833,0.45538066404344596,7.199999999999999,5.396726811742928,11.643617442769127,5.0,1,0,0,10,1,0.02,1
29.6,30.0,0.3999999999999986,0.013333333333333286,3.03,2.42,5.322909058697844,0.45463861458343424,7.332599999999999,5.451886212229843,11.645604732138956,5.0,1,0,7,10,0,0.05,1
30.0,40.0,10.0,0.25,4.72,3.78,8.18803940371372,0.4616489752462066,17.8416,8.49726583703586,8.288856177390674,5.0,0,1,20,10,0,0.02,1
31.0,40.0,9.0,0.225,4.73,3.79,8.210661367494998,0.4615949715091339,17.9267,8.521640752495482,8.292858931489807,5.0,0,1,22,10,1,0.02,1
23.6,30.0,6.399999999999999,0.2133333333333333,2.56,2.05,4.510740995813823,0.4544707847119786,5.247999999999999,4.603021111414155,11.630917278830927,5.0,1,0,3,10,1,0.02,1
33.4,40.0,6.600000000000001,0.16500000000000004,4.66,3.73,8.088023365294084,0.46117572014016744,17.381800000000002,8.389597835456845,8.29748871968286,5.0,0,1,4,10,1,-0.03,0
38.4,40.0,1.6000000000000014,0.040000000000000036,4.73,3.78,8.19578841388232,0.4612124922109141,17.8794,8.505606719482303,8.284557229387428,5.0,0,1,16,10,0,0.06,1
34.1,40.0,5.899999999999999,0.14749999999999996,4.79,3.83,8.303056523812568,0.4612759155638452,18.3457,8.621200132724164,8.273311074952627,5.0,0,1,18,10,0,0.04,1
29.5,30.0,0.5,0.016666666666666666,2.94,2.36,5.1768950957080335,0.4558717061809087,6.9384,5.298812519646505,11.595198944160234,5.0,1,0,4,10,1,0.07,1
34.1,40.0,5.899999999999999,0.14749999999999996,4.88,3.9,8.45051522900473,0.46151032147886295,19.032,8.780278637119347,8.243114176422274,5.0,0,1,14,10,0,-0.04,0
29.0,40.0,11.0,0.275,4.85,3.88,8.40076384468491,0.46186276292659295,18.817999999999998,8.726586014822026,8.237706775963938,5.0,0,1,16,10,0,-0.02,0
27.2,30.0,2.8000000000000007,0.09333333333333335,3.0,2.4,5.274032674339346,0.45505975184361874,7.199999999999999,5.400624143543821,11.57624189590968,5.0,1,0,19,10,0,0.04,1
29.4,30.0,0.6000000000000014,0.02000000000000005,3.01,2.41,5.286238766233586,0.45590070872207517,7.2541,5.413423771134733,11.589031325729017,5.0,1,0,21,10,1,0.04,1
33.4,40.0,6.600000000000001,0.16500000000000004,5.03,4.03,8.676100708823453,0.4644943777452417,20.2709,9.025342315509054,8.23848143180301,5.0,0,1,22,10,1,0.04,1
34.4,40.0,5.600000000000001,0.14000000000000004,4.61,3.69,8.00261578858038,0.4610992327365732,17.0109,8.297747894636043,8.259442667261538,5.0,0,1,18,11,0,0.05,1
32.6,40.0,7.399999999999999,0.18499999999999997,4.38,3.5,7.61210653999319,0.4597938798690449,15.33,7.878653885633975,8.242593174508043,5.0,0,1,2,11,1,-0.09,0
25.5,30.0,4.5,0.15,3.9,3.12,6.8036854703908745,0.4585749905074249,12.168,7.0158344981130005,11.537423326890602,5.0,1,0,10,11,0,0.02,1
34.8,40.0,5.200000000000003,0.13000000000000006,7.73,5.0,9.523729797303327,0.5250043949604456,38.650000000000006,9.999912101563705,8.135355738788967,5.0,0,1,11,11,0,-0.03,0
35.7,40.0,4.299999999999997,0.10749999999999993,7.35,5.0,9.523569377320163,0.5250132384090376,36.75,9.999735238829286,8.131321865268172,5.0,0,1,17,11,0,-0.02,0
36.1,40.0,3.8999999999999986,0.09749999999999996,8.84,5.0,9.523969684739232,0.5249911712772216,44.2,10.000176577573477,8.130924644630426,5.0,0,1,20,11,0,-0.02,0
28.2,40.0,11.8,0.29500000000000004,7.63,5.0,9.523758302632634,0.5250028235825619,38.15,9.999943528667668,8.17233952856711,5.0,0,1,14,11,0,0.01,1
36.5,40.0,3.5,0.0875,7.13,5.0,9.52403911831119,0.5249873439082013,35.65,10.000253128243203,8.176253791863564,5.0,0,1,17,11,0,0.02,1
39.9,40.0,0.10000000000000142,0.0025000000000000356,8.58,5.0,9.523835133158375,0.5249985882884406,42.9,10.000028234310907,8.172387528047595,5.0,0,1,21,11,1,0.04,1
37.1,40.0,2.8999999999999986,0.07249999999999997,7.14,5.0,9.524015087334947,0.5249886685552408,35.699999999999996,10.000226634031366,8.169030486781017,5.0,0,1,14,11,0,-0.04,0
26.0,30.0,4.0,0.13333333333333333,3.54,2.83,6.198438152101582,0.4565666270366008,10.0182,6.374034021616348,11.546901583865706,5.0,1,0,15,11,0,0.03,1
25.8,30.0,4.199999999999999,0.13999999999999999,3.77,3.02,6.593299875586234,0.4580407469683731,11.3854,6.792339571825595,11.529333808786626,5.0,1,0,23,11,1,0.02,1
29.5,40.0,10.5,0.2625,6.55,5.0,9.52386268490092,0.5249970695111945,32.75,10.000058610119616,8.135165274039753,5.0,0,1,0,11,1,0.03,1
30.4,40.0,9.600000000000001,0.24000000000000005,6.47,5.0,9.523835935550073,0.5249985440568399,32.35,10.000029118947992,8.141536368989144,5.0,0,1,2,11,1,0.02,1
29.0,40.0,11.0,0.275,6.32,5.0,9.523651910081377,0.5250086886005556,31.6,9.999826231008504,8.146958152113946,5.0,0,1,3,11,1,0.1,1
29.8,30.0,0.1999999999999993,0.006666666666666643,3.78,3.02,6.601787913463964,0.45745183571269915,11.4156,6.8013479419886655,11.498743169975533,5.0,1,0,18,11,0,0.06,1
39.6,40.0,0.3999999999999986,0.009999999999999964,7.52,5.0,9.523903264860179,0.5249948325754447,37.599999999999994,10.000103349559206,7.973420732501466,5.0,0,1,7,11,0,0.04,1
28.3,30.0,1.6999999999999993,0.05666666666666664,5.76,4.61,9.185391790028675,0.5018838722812508,26.5536,9.608720915134132,11.378376526249799,5.0,1,0,10,11,0,0.02,1
38.2,40.0,1.7999999999999972,0.04499999999999993,6.99,5.0,9.524061360684078,0.5249861178593739,34.95,10.000277650521285,7.966003801460686,5.0,0,1,14,11,0,0.02,1
27.5,40.0,12.5,0.3125,7.22,5.0,9.523809523809524,0.525,36.1,9.999999999999995,7.973017587968693,5.0,0,1,12,11,0,0.05,1
38.7,40.0,1.2999999999999972,0.03249999999999993,6.78,5.0,9.523809523809524,0.525,33.9,9.999999999999996,7.976183236472932,5.0,0,1,14,11,0,0.02,1
38.9,40.0,1.1000000000000014,0.027500000000000035,6.05,4.84,9.388175343251293,0.5155421392378704,29.282,9.842830351744372,7.981873352044558,5.0,0,1,15,11,0,0.03,1
36.8,40.0,3.200000000000003,0.08000000000000007,6.91,5.0,9.523794362708426,0.5250008357570285,34.55,10.000000000000004,8.003463354502857,5.0,0,1,12,11,0,0.03,1
34.1,40.0,5.899999999999999,0.14749999999999996,5.82,4.65,9.224427103002453,0.5040963463721747,27.063000000000002,9.653699638322538,8.010017564964812,5.0,0,1,15,11,0,0.04,1
39.8,40.0,0.20000000000000284,0.005000000000000071,5.29,4.23,8.858819463997758,0.4774902589663014,22.376700000000003,9.233893963800826,8.0058374271506,5.0,0,1,1,11,1,0.02,1
25.5,30.0,4.5,0.15,3.63,2.91,6.357159115117916,0.457751638319033,10.5633,6.541997122637279,11.415094971842763,5.0,1,0,3,11,1,0.02,1
37.3,40.0,2.700000000000003,0.06750000000000007,4.74,3.79,8.21773781125027,0.4611974836689732,17.9646,8.529247892496729,8.017376743669558,5.0,0,1,5,11,1,0.02,1
34.4,40.0,5.600000000000001,0.14000000000000004,5.89,4.71,9.274871987997546,0.5078237204885556,27.741899999999998,9.711877882016214,8.053410173983558,5.0,0,1,14,12,0,0.1,1
39.5,40.0,0.5,0.0125,6.13,4.91,9.443525342156711,0.5199329511068644,30.098300000000002,9.906910697380871,8.06117135969092,5.0,0,1,16,12,0,0.02,1
39.0,40.0,1.0,0.025,6.03,4.82,9.370768040239897,0.5143655225806449,29.064600000000002,9.822684698158405,8.057048007614217,5.0,0,1,5,12,1,0.02,1
27.7,30.0,2.3000000000000007,0.07666666666666669,4.54,3.63,7.8888773336106555,0.46014151906435935,16.4802,8.175524848577032,11.41271986211183,5.0,1,0,13,12,0,0.02,1
39.2,40.0,0.7999999999999972,0.019999999999999928,6.32,5.0,9.523868182224128,0.5249967664748106,31.6,10.00006467092202,8.03676097297004,5.0,0,1,18,12,0,0.04,1
37.7,40.0,2.299999999999997,0.057499999999999926,6.04,4.83,9.377276560106917,0.5150749227710663,29.1732,9.830214944813086,8.109516639868538,5.0,0,1,6,12,0,0.03,1
29.9,30.0,0.10000000000000142,0.003333333333333381,3.57,2.85,6.2420601507232725,0.4565800282571401,10.1745,6.420171696992597,11.436098414856902,5.0,1,0,8,12,0,-0.02,0
29.6,30.0,0.3999999999999986,0.013333333333333286,4.1,3.28,7.1444150470541645,0.4590998672945845,13.447999999999999,7.3787108377556265,11.408386833695106,5.0,1,0,2,12,1,0.02,1
27.2,30.0,2.8000000000000007,0.09333333333333335,4.01,3.21,6.993428366055909,0.4590023421960561,12.8721,7.217770589685157,11.410590921991243,5.0,1,0,7,12,0,0.02,1
23.2,30.0,6.800000000000001,0.22666666666666668,3.81,3.05,6.6619550762441415,0.4578235615661822,11.6205,6.865225316822768,11.406844022840684,5.0,1,0,15,12,0,0.02,1
8.8,40.0,31.2,0.78,6.29,5.0,9.523632222853118,0.5250097738971786,31.45,9.999804525877517,8.029256929344296,5.0,0,1,16,12,0,0.02,1
13.9,40.0,26.1,0.6525000000000001,6.49,5.0,9.524103831891217,0.5249837767683326,32.45,10.00032447516142,8.033301568890328,5.0,0,1,20,12,0,0.01,1
18.7,40.0,21.3,0.5325,6.31,5.0,9.523794862637281,0.525000808198364,31.549999999999997,9.999999999999996,8.036993761192008,5.0,0,1,22,12,1,0.03,1
27.1,40.0,12.899999999999999,0.32249999999999995,6.39,5.0,9.523691912518373,0.5250064834024895,31.95,9.999870333631566,8.034255071137137,5.0,0,1,11,12,0,0.02,1
38.6,40.0,1.3999999999999986,0.03499999999999996,6.39,5.0,9.523985160459436,0.5249903182082237,31.95,10.000193639585083,8.03868631179116,5.0,0,1,12,12,0,0.03,1
30.2,40.0,9.8,0.24500000000000002,5.6,4.48,9.076142583774649,0.49360176513851406,25.088,9.48302202619763,8.010014243770444,5.0,0,1,15,12,0,-0.04,0
14.7,30.0,15.3,0.51,3.97,3.17,6.919513477173522,0.4581246948152313,12.584900000000001,7.139063825086829,11.36425595272764,5.0,1,0,18,12,0,-0.03,0
18.7,30.0,11.3,0.3766666666666667,3.85,3.08,6.727032175740955,0.45785420963305423,11.858,6.9343551500177725,11.364933216351098,5.0,1,0,21,12,1,-0.03,0
29.3,30.0,0.6999999999999993,0.02333333333333331,3.8,3.04,6.630679849907173,0.45847485760341133,11.552,6.8320173563737345,11.369359782539512,5.0,1,0,5,12,1,0.02,1
25.6,30.0,4.399999999999999,0.1466666666666666,3.72,2.98,6.5045125406299364,0.4581434782984366,11.085600000000001,6.698148957945328,11.366692722049022,5.0,1,0,8,12,0,0.03,1
24.2,30.0,5.800000000000001,0.19333333333333336,3.84,3.07,6.697533418169366,0.45837770539099776,11.788799999999998,6.903014253487816,11.370963549427728,5.0,1,0,4,12,1,0.02,1
38.5,40.0,1.5,0.0375,5.63,4.51,9.095318397173369,0.4958594963977965,25.391299999999998,9.505075460551044,7.999356379947742,5.0,0,1,10,12,0,-0.02,0
24.0,40.0,16.0,0.4,5.98,4.79,9.34005644063598,0.5128448666712597,28.6442,9.78716804013866,7.994875115004929,5.0,0,1,2,12,1,0.01,1
37.7,40.0,2.299999999999997,0.057499999999999926,5.63,4.5,9.091587233117881,0.49496307791095834,25.335,9.500794783239401,7.989726537235422,5.0,0,1,13,12,0,0.03,1
38.6,40.0,1.3999999999999986,0.03499999999999996,5.02,4.02,8.671133836580648,0.4636071909120983,20.180399999999995,9.019676762585641,8.011600518515268,5.0,0,1,18,12,0,0.02,1
32.0,40.0,8.0,0.2,5.1,4.08,8.727242358443288,0.4675016267942587,20.808,9.083645092591658,8.003393148448058,5.0,0,1,2,12,1,0.07,1
27.3,30.0,2.6999999999999993,0.08999999999999998,3.55,2.84,6.210969620932206,0.4572554968597228,10.081999999999999,6.387285924917788,11.387022048081073,5.0,1,0,3,12,1,0.05,1
24.0,30.0,6.0,0.2,2.48,1.98,4.375891087829076,0.4524792688527123,4.9104,4.462683099416949,11.372004781513851,5.0,1,0,16,12,0,0.02,1
29.2,30.0,0.8000000000000007,0.02666666666666669,2.37,1.9,4.188969395266184,0.45357218463976534,4.503,4.268437746459953,11.379556573427404,5.0,1,0,3,12,1,0.02,1
37.9,40.0,2.1000000000000014,0.05250000000000003,3.18,2.55,5.584510059890979,0.45662018201284804,8.109,5.726645661244993,7.9847182362451905,5.0,0,1,15,12,0,0.02,1
16.2,30.0,13.8,0.46,2.31,1.85,4.087028739896514,0.4526515759335823,4.2735,4.162641338946088,11.383385979784844,5.0,1,0,17,12,0,0.05,1
34.6,40.0,5.399999999999999,0.13499999999999995,3.25,2.6,5.693981717024188,0.45662247074421985,8.450000000000001,5.841822559733293,7.996132029462666,5.0,0,1,4,12,1,0.02,1
39.5,40.0,0.5,0.0125,2.91,2.33,5.11471179602715,0.4555486394775609,6.7803,5.233688076345686,8.001127194179901,5.0,0,1,1,1,1,0.01,1
26.2,30.0,3.8000000000000007,0.12666666666666668,2.74,2.19,4.818867085053458,0.454463665701148,6.0006,4.924332371574718,11.383340788092664,5.0,1,0,3,1,1,0.02,1
33.5,40.0,6.5,0.1625,3.09,2.47,5.4229162860724545,0.45547448452111305,7.6323,5.556846569453322,8.038621763179579,5.0,0,1,6,1,0,0.02,1
34.7,40.0,5.299999999999997,0.13249999999999992,3.16,2.53,5.547230581739493,0.4560834388835962,7.9948,5.687447007898607,8.051105086490319,5.0,0,1,14,1,0,0.04,1
25.8,30.0,4.199999999999999,0.13999999999999999,2.44,1.95,4.301489439917782,0.4533313465573152,4.758,4.385326783270138,11.443093813234029,5.0,1,0,7,1,0,0.03,1
23.5,30.0,6.5,0.21666666666666667,2.53,2.02,4.459634016221948,0.4529519670565425,5.1106,4.549813930107946,11.425069076513497,5.0,1,0,17,1,0,0.02,1
23.8,30.0,6.199999999999999,0.20666666666666664,2.48,1.98,4.3692461816344235,0.4531674155424523,4.9104,4.455772198051942,11.421517601216829,5.0,1,0,16,1,0,0.01,1
35.9,40.0,4.100000000000001,0.10250000000000004,3.66,2.93,6.4052070159141605,0.4574403282704558,10.7238,6.592888337597226,8.037788712324991,5.0,0,1,12,1,0,0.04,1
38.9,40.0,1.1000000000000014,0.027500000000000035,3.89,3.11,6.786555942094042,0.45825894997933025,12.0979,6.997621496528672,8.042763782841538,5.0,0,1,7,1,0,0.03,1
38.4,40.0,1.6000000000000014,0.040000000000000036,3.57,2.85,6.239798565156329,0.4567455135354353,10.1745,6.417776910188219,8.03062105945095,5.0,0,1,20,1,0,0.02,1
39.7,40.0,0.29999999999999716,0.007499999999999929,3.52,2.82,6.1697273724145685,0.45707043922369817,9.9264,6.343672850505736,8.034806001413024,5.0,0,1,5,1,1,0.02,1
25.7,30.0,4.300000000000001,0.14333333333333337,2.91,2.33,5.1270462199255125,0.45445270045446384,6.7803,5.246600012131855,11.413165569850424,5.0,1,0,6,1,0,0.01,1
38.2,40.0,1.7999999999999972,0.04499999999999993,3.28,2.63,5.755479570773526,0.456955839675847,8.626399999999999,5.906571193862836,8.03656694138109,5.0,0,1,0,1,1,0.01,1
38.2,40.0,1.7999999999999972,0.04499999999999993,3.55,2.84,6.217972209971867,0.45674054243044765,10.081999999999999,6.394687755519215,8.049069394178643,5.0,0,1,16,1,0,0.01,1
37.7,40.0,2.299999999999997,0.057499999999999926,3.52,2.82,6.16583857528944,0.4573587137525121,9.9264,6.339566320030094,8.100598377265309,5.0,0,1,12,1,0,0.07,1
37.3,40.0,2.700000000000003,0.06750000000000007,3.44,2.75,6.030839486752059,0.4559895858679249,9.459999999999999,6.196942692830806,8.106511500569095,5.0,0,1,6,1,0,0.05,1
35.7,40.0,4.299999999999997,0.10749999999999993,3.61,2.89,6.323049214414366,0.4570579639664672,10.4329,6.505880332299801,8.107325405730775,5.0,0,1,23,1,1,-0.01,0
17.8,30.0,12.2,0.4066666666666666,2.96,2.37,5.204394013649649,0.4553844297307549,7.0152,5.3276255270063215,11.435900241774476,5.0,1,0,1,1,1,0.03,1
15.3,40.0,24.7,0.6174999999999999,4.07,3.25,7.089036211077271,0.45845442218528604,13.227500000000001,7.319657933578151,8.0466678260899,5.0,0,1,7,1,0,-0.08,0
20.3,30.0,9.7,0.3233333333333333,2.83,2.26,4.976889830436271,0.4540988603321946,6.3957999999999995,5.08946633371909,11.415146690692271,5.0,1,0,15,1,0,-0.07,0
24.6,30.0,5.399999999999999,0.17999999999999997,2.67,2.13,4.700490679747393,0.45314418113354654,5.687099999999999,4.800784078061873,11.40451318630593,5.0,1,0,19,1,0,-0.02,0
26.2,30.0,3.8000000000000007,0.12666666666666668,2.86,2.29,5.03640246139515,0.4546896356185243,6.5493999999999994,5.151718522278817,11.39639176107382,5.0,1,0,15,1,0,0.03,1
38.8,40.0,1.2000000000000028,0.030000000000000072,4.81,3.85,8.344312835719403,0.4613920973239821,18.5185,8.665700151767739,7.987962563224057,5.0,0,1,4,1,1,-0.03,0
37.1,40.0,2.8999999999999986,0.07249999999999997,4.92,3.93,8.516209803227536,0.4614728959014819,19.3356,8.851230520309969,7.9847182362451905,5.0,0,1,9,1,0,-0.02,0
22.2,30.0,7.800000000000001,0.26,3.15,2.52,5.536637808284817,0.45514987385108824,7.938,5.676316586041998,11.369685496267497,5.0,1,0,20,1,0,0.06,1
27.0,30.0,3.0,0.1,2.51,2.01,4.424679479137206,0.4542701927851148,5.045099999999999,4.513437259760468,11.384035398991706,5.0,1,0,2,1,1,0.02,1
11.7,40.0,28.3,0.7075,4.17,3.34,7.26887114071425,0.45949363186424663,13.9278,7.511542601404943,7.946022906641128,5.0,0,1,15,1,0,0.01,1
24.2,30.0,5.800000000000001,0.19333333333333336,3.33,2.67,5.846013820839446,0.4567214655706385,8.8911,6.001958484812942,11.353577971736096,5.0,1,0,16,1,0,-0.06,0
23.6,40.0,16.4,0.41,4.9,3.92,8.485777585722031,0.4619494159964432,19.208000000000002,8.818361637293522,7.939461802355418,5.0,0,1,20,1,0,0.02,1
23.6,30.0,6.399999999999999,0.2133333333333333,3.25,2.6,5.708795583384896,0.4554375720803776,8.450000000000001,5.857412645514904,11.34482120178986,5.0,1,0,21,1,1,-0.02,0
33.5,40.0,6.5,0.1625,11.48,5.0,9.523415331834084,0.5250217307320846,57.400000000000006,9.99956540424648,7.635733745547492,5.0,0,1,1,2,1,0.02,1
37.2,40.0,2.799999999999997,0.06999999999999992,11.37,5.0,9.523417301576398,0.525021622141073,56.849999999999994,9.999567575878416,7.640743172763286,5.0,0,1,2,2,1,0.04,1
38.6,40.0,1.3999999999999986,0.03499999999999996,9.2,5.0,9.52425334010597,0.5249755357667091,46.0,10.000489308606934,7.622517169514491,5.0,0,1,14,2,0,0.04,1
28.6,30.0,1.3999999999999986,0.04666666666666662,8.37,5.0,9.523796407253272,0.5250007230511592,41.849999999999994,9.999985538997729,11.144055028831607,5.0,1,0,9,2,0,0.02,1
28.5,40.0,11.5,0.2875,10.21,5.0,9.523405898446525,0.5250222507911386,51.050000000000004,9.999555003980253,7.6120847045446505,5.0,0,1,13,2,0,-0.04,0
24.9,40.0,15.100000000000001,0.37750000000000006,9.98,5.0,9.523540463040126,0.5250148323939486,49.900000000000006,9.999703360920767,7.612168755815976,5.0,0,1,15,2,0,0.04,1
33.0,40.0,7.0,0.175,10.36,5.0,9.523628969956055,0.5250099532198671,51.8,9.999800939565242,7.605611355269817,5.0,0,1,18,2,0,0.02,1
39.7,40.0,0.29999999999999716,0.007499999999999929,10.35,5.0,9.524034263869552,0.5249876114965312,51.75,10.000247776208527,7.609837423599662,5.0,0,1,19,2,0,0.01,1
29.4,30.0,0.6000000000000014,0.02000000000000005,8.25,5.0,9.523798758564006,0.52500059343483,41.25,9.999988131317487,11.118463796367944,5.0,1,0,5,2,1,-0.05,0
33.6,40.0,6.399999999999999,0.15999999999999998,6.98,5.0,9.523528020808714,0.5250155183116071,34.900000000000006,9.999689643400275,7.566962976112518,5.0,0,1,0,2,1,0.02,1
38.1,40.0,1.8999999999999986,0.047499999999999966,7.02,5.0,9.523669523375522,0.525007717637374,35.099999999999994,9.999845649634956,7.572312637687373,5.0,0,1,1,2,1,0.02,1
38.4,40.0,1.6000000000000014,0.040000000000000036,6.56,5.0,9.524041672557448,0.5249872031122027,32.8,10.000255944306526,7.57740350925332,5.0,0,1,3,2,1,0.02,1
31.7,40.0,8.3,0.20750000000000002,5.89,4.71,9.274372640461914,0.5078510625561209,27.741899999999998,9.711315334344224,7.6324931766282855,5.0,0,1,1,2,1,0.02,1
25.4,30.0,4.600000000000001,0.15333333333333338,4.93,3.94,8.53769361909058,0.46148294560371933,19.4242,8.874437119219113,11.133879867748785,5.0,1,0,18,2,0,0.02,1
12.5,40.0,27.5,0.6875,6.72,5.0,9.524228128265989,0.5249769254435441,33.6,10.000461512427504,7.575641060223204,5.0,0,1,20,2,0,0.02,1
13.9,40.0,26.1,0.6525000000000001,6.64,5.0,9.524041079903533,0.5249872357806592,33.199999999999996,10.000255290903992,7.579959682522158,5.0,0,1,21,2,1,0.02,1
21.5,40.0,18.5,0.4625,6.6,5.0,9.523487272692133,0.5250177646939389,33.0,9.999644718744143,7.585925868178305,5.0,0,1,22,2,1,0.01,1
27.4,30.0,2.6000000000000014,0.08666666666666671,4.51,3.61,7.840852812786925,0.46040910168761023,16.2811,8.123958160510629,11.139432458345299,5.0,1,0,23,2,1,0.06,1
36.3,40.0,3.700000000000003,0.09250000000000007,5.76,4.61,9.184223955675453,0.5019476901095405,26.5536,9.607357658889756,7.584229230567208,5.0,0,1,10,2,0,0.05,1
28.9,30.0,1.1000000000000014,0.036666666666666715,4.47,3.57,7.761970635349991,0.4599347469496098,15.957899999999999,8.039307578262934,11.125122459575099,5.0,1,0,11,2,0,0.02,1
32.0,40.0,8.0,0.2,5.26,4.21,8.835392790831687,0.4764926811594199,22.1446,9.20712962345201,7.574809992612656,5.0,0,1,14,2,0,0.05,1
40.0,40.0,0.0,0.0,5.45,4.36,8.966320489177914,0.48626412643429295,23.762000000000004,9.356973923436493,7.588105932111464,5.0,0,1,17,2,0,0.02,1
29.9,30.0,0.10000000000000142,0.003333333333333381,4.4,3.52,7.655236227121465,0.45981598680509905,15.488000000000001,7.924866502239289,11.100090365068835,5.0,1,0,19,2,0,0.01,1
24.9,30.0,5.100000000000001,0.17000000000000004,4.24,3.39,7.382980124039773,0.4591641780209861,14.373600000000001,7.633458929100071,11.103585157968528,5.0,1,0,22,2,1,0.03,1
31.7,40.0,8.3,0.20750000000000002,5.26,4.21,8.836514738345668,0.4764321822189567,22.1446,9.208389715832208,7.560809365975638,5.0,0,1,13,2,0,0.04,1
31.3,40.0,8.7,0.21749999999999997,4.87,3.89,8.429147491343002,0.46149388226925103,18.944300000000002,8.757202927892854,7.563356343468112,5.0,0,1,15,2,0,0.03,1
38.3,40.0,1.7000000000000028,0.04250000000000007,5.28,4.23,8.851312587786108,0.4778952226630162,22.334400000000002,9.22530528507879,7.570438097404914,5.0,0,1,18,2,0,0.02,1
36.7,40.0,3.299999999999997,0.08249999999999993,5.58,4.46,9.055746170119816,0.4925049704591035,24.8868,9.459618825918199,7.575733358449092,5.0,0,1,20,2,0,0.01,1
37.6,40.0,2.3999999999999986,0.05999999999999996,4.62,3.7,8.021186564903394,0.4612783869395715,17.094,8.317710602851607,7.587624698929508,5.0,0,1,4,2,1,0.01,1
30.0,40.0,10.0,0.25,3.96,3.17,6.917126632651538,0.4582827767004239,12.5532,7.136523232271458,7.576071712411575,5.0,0,1,13,2,0,0.01,1
18.3,30.0,11.7,0.38999999999999996,3.61,2.89,6.323616667129228,0.45701694965517126,10.4329,6.506480965232534,11.078807146448433,5.0,1,0,2,2,1,0.02,1
22.6,30.0,7.399999999999999,0.24666666666666662,3.61,2.89,6.313228703101537,0.45776893819484366,10.4329,6.495484156512356,11.083232723652023,5.0,1,0,5,2,1,0.05,1
28.1,40.0,11.899999999999999,0.2975,4.38,3.5,7.614054026267758,0.4596762759924391,15.33,7.880735506937936,7.538771704075576,5.0,0,1,6,2,0,0.1,1
18.3,30.0,11.7,0.38999999999999996,3.25,2.6,5.707297770910669,0.4555570962587323,8.450000000000001,5.855835233903976,11.07683649664758,5.0,1,0,23,2,1,0.02,1
29.0,30.0,1.0,0.03333333333333333,4.83,3.86,8.366957793710217,0.46133852890972143,18.6438,8.69011262175698,11.126586431818902,5.0,1,0,8,2,0,0.04,1
34.7,40.0,5.299999999999997,0.13249999999999992,6.04,4.83,9.375478092359346,0.5151737279335402,29.1732,9.82815431120789,7.629324693804775,5.0,0,1,11,2,0,0.02,1
30.8,40.0,9.2,0.22999999999999998,5.7,4.56,9.140391476231802,0.4988845403238566,25.991999999999997,9.556910978929324,7.592769476311894,5.0,0,1,16,2,0,0.05,1
30.3,40.0,9.7,0.2425,5.8,4.64,9.211762293714031,0.5037038356022567,26.912,9.639113275422485,7.603015226078212,5.0,0,1,18,2,0,0.06,1
37.1,40.0,2.8999999999999986,0.07249999999999997,5.69,4.55,9.135078020340014,0.4980800371785599,25.8895,9.550816696914705,7.614647561333754,5.0,0,1,23,2,1,0.04,1
29.4,40.0,10.600000000000001,0.265,7.79,5.0,9.524149647716651,0.5249812513391907,38.95,10.000374987277208,7.531943516050998,5.0,0,1,7,2,0,0.1,1
39.7,40.0,0.29999999999999716,0.007499999999999929,6.56,5.0,9.52404976439607,0.5249867570717229,32.8,10.000264865580728,7.543140922683535,5.0,0,1,14,2,0,0.02,1
27.2,30.0,2.8000000000000007,0.09333333333333335,5.32,4.25,8.876261370726834,0.47880518863675464,22.61,9.253843725356973,11.097101033883018,5.0,1,0,17,3,0,0.02,1
34.0,40.0,6.0,0.15,9.03,5.0,9.523991533805065,0.5249899668907391,45.15,10.00020066621183,7.597576936113505,5.0,0,1,5,3,1,0.03,1
29.9,30.0,0.10000000000000142,0.003333333333333381,6.39,5.0,9.523818846245124,0.5249994861012406,31.95,10.000010277985757,11.128831312511684,5.0,1,0,6,3,0,0.01,1
38.2,40.0,1.7999999999999972,0.04499999999999993,8.26,5.0,9.523981884074361,0.5249904988123517,41.3,10.00019002736394,7.652051743560637,5.0,0,1,7,3,0,0.03,1
36.5,40.0,3.5,0.0875,8.33,5.0,9.523638195293948,0.5250094446543256,41.65,9.99981111048148,7.658057540043142,5.0,0,1,8,3,0,0.01,1
34.0,40.0,6.0,0.15,8.24,5.0,9.523596150054658,0.5250117624917667,41.2,9.99976475569878,7.661738823645419,5.0,0,1,9,3,0,0.07,1
39.6,40.0,0.3999999999999986,0.009999999999999964,8.09,5.0,9.523940334587799,0.5249927891548894,40.45,10.00014421898209,7.640204900124817,5.0,0,1,16,3,0,0.02,1
36.0,40.0,4.0,0.1,8.32,5.0,9.523546979094878,0.5250144731763797,41.6,9.999710544851073,7.6366845751817225,5.0,0,1,23,3,1,0.03,1
21.6,30.0,8.399999999999999,0.27999999999999997,6.22,4.97,9.500292747157301,0.5231417738666142,30.913399999999996,9.972715179806665,11.17026880415958,5.0,1,0,0,3,1,0.01,1
12.0,40.0,28.0,0.7,7.97,5.0,9.523763668141616,0.5250025278058644,39.85,9.999949444138299,7.589846567781607,5.0,0,1,15,3,0,0.02,1
19.8,40.0,20.2,0.505,8.1,5.0,9.523718237498679,0.5250050322061194,40.5,9.999899356890532,7.594491956100752,5.0,0,1,22,3,1,0.05,1
27.6,30.0,2.3999999999999986,0.07999999999999995,5.57,4.45,9.050763679459417,0.4916712177668735,24.786500000000004,9.453872774049737,11.113646284499136,5.0,1,0,19,3,0,0.02,1
25.8,30.0,4.199999999999999,0.13999999999999999,5.46,4.37,8.974503795045353,0.4869349993937928,23.8602,9.366363523347767,11.111334442890662,5.0,1,0,2,3,1,0.01,1
27.6,30.0,2.3999999999999986,0.07999999999999995,5.41,4.33,8.943091320842012,0.4841726249522767,23.4253,9.33035930830424,11.096973562137881,5.0,1,0,23,3,1,0.03,1
39.8,40.0,0.20000000000000284,0.005000000000000071,6.07,4.85,9.397098354360434,0.5161167646765671,29.4395,9.853131091917058,7.618992837461876,5.0,0,1,23,3,1,0.03,1
27.8,30.0,2.1999999999999993,0.0733333333333333,4.92,3.94,8.520738495746238,0.46240123458394417,19.3848,8.856118713814764,11.149231085192039,5.0,1,0,5,3,1,0.03,1
38.8,40.0,1.2000000000000028,0.030000000000000072,4.61,3.69,8.003775005838875,0.4610324499761786,17.0109,8.298984866905885,7.61252465936987,5.0,0,1,3,3,1,0.04,1
29.7,30.0,0.3000000000000007,0.010000000000000024,4.12,3.29,7.176601948237449,0.4584342316502608,13.5548,7.413048492187052,11.147238606870477,5.0,1,0,4,3,1,0.03,1
35.8,40.0,4.200000000000003,0.10500000000000007,4.6,3.68,7.981094174642555,0.461089660073434,16.928,8.274611652864209,7.62104816523504,5.0,0,1,7,3,0,0.06,1
35.4,40.0,4.600000000000001,0.11500000000000003,4.56,3.65,7.924307326272495,0.4606080821598976,16.644,8.213573951318823,7.646062232284118,5.0,0,1,2,3,1,0.02,1
23.0,30.0,7.0,0.23333333333333334,3.93,3.15,6.862523526105447,0.45901481984246945,12.3795,7.078415842141333,11.171579571352888,5.0,1,0,3,3,1,0.02,1
27.0,40.0,13.0,0.325,4.75,3.8,8.233401849001298,0.46153462076686264,18.05,8.546129485940629,7.6451202817075155,5.0,0,1,4,3,1,0.02,1
36.6,40.0,3.3999999999999986,0.08499999999999996,5.51,4.4,9.00812482917982,0.48844793821541826,24.244,9.404913227321082,7.746274721557758,5.0,0,1,10,3,0,0.02,1
35.6,40.0,4.399999999999999,0.10999999999999996,5.48,4.39,8.991423995520542,0.4882430193690192,24.0572,9.38577113829174,7.752257807495625,5.0,0,1,11,3,0,0.03,1
36.7,40.0,3.299999999999997,0.08249999999999993,5.44,4.35,8.96271500626865,0.48534400535524647,23.664,9.352844152367469,7.747588203077015,5.0,0,1,15,3,0,0.02,1
30.8,40.0,9.2,0.22999999999999998,6.6,5.0,9.52342761410826,0.5250210536165432,33.0,9.999578945398586,7.667387522437399,5.0,0,1,13,3,0,0.02,1
39.8,40.0,0.20000000000000284,0.005000000000000071,6.15,4.92,9.452504340798173,0.5204969839331016,30.258000000000003,9.917301465278259,7.671524004020854,5.0,0,1,20,3,0,0.04,1
39.0,40.0,1.0,0.025,5.52,4.41,9.014925642425077,0.48918872710897704,24.3432,9.412750966660214,7.660722051526585,5.0,0,1,18,3,0,0.02,1
12.7,30.0,17.3,0.5766666666666667,3.87,3.09,6.748623066057357,0.45787117901744395,11.9583,6.9572994736362475,11.140674412266332,5.0,1,0,23,3,1,0.02,1
17.8,40.0,22.2,0.5549999999999999,6.23,4.99,9.511946965238138,0.5246034295855719,31.087700000000005,9.986252616553383,7.643803890534937,5.0,0,1,0,3,1,0.03,1
25.7,40.0,14.3,0.35750000000000004,6.01,4.81,9.35834944494368,0.5139795247332685,28.908099999999997,9.808351844892952,7.6507825057647185,5.0,0,1,2,3,1,0.01,1
30.1,40.0,9.899999999999999,0.24749999999999997,5.81,4.65,9.221169295939225,0.5042744418593145,27.0165,9.64994410952621,7.64653526353928,5.0,0,1,7,3,0,-0.06,0
29.1,40.0,10.899999999999999,0.27249999999999996,5.56,4.45,9.048194820539468,0.4918108073776736,24.742,9.450932559881684,7.641295562101328,5.0,0,1,12,3,0,-0.03,0
35.3,40.0,4.700000000000003,0.11750000000000008,5.57,4.46,9.055107550914588,0.4925397047934046,24.842200000000002,9.458860005883475,7.66930382278919,5.0,0,1,3,3,1,0.05,1
37.3,40.0,2.700000000000003,0.06750000000000007,5.39,4.31,8.924342628576632,0.4829487368849949,23.230899999999995,9.308875055116474,7.654049784152924,5.0,0,1,17,3,0,0.02,1
12.3,40.0,27.7,0.6925,4.87,3.89,8.434074449798501,0.4612242900100243,18.944300000000002,8.762521896545822,7.625307225830633,5.0,0,1,17,3,0,0.03,1
26.6,40.0,13.399999999999999,0.33499999999999996,4.57,3.65,7.9305527652277945,0.4602453458230233,16.680500000000002,8.220292606385813,7.632832235211169,5.0,0,1,20,3,0,0.02,1
16.5,30.0,13.5,0.45,4.26,3.41,7.419353903385617,0.459608753592943,14.5266,7.6723488886070506,11.108001910195583,5.0,1,0,11,3,0,-0.04,0
37.9,40.0,2.1000000000000014,0.05250000000000003,4.52,3.62,7.850639425039629,0.461108936993591,16.362399999999997,8.134456096169354,7.617307163567359,5.0,0,1,22,3,1,0.09,1
35.6,40.0,4.399999999999999,0.10999999999999996,4.85,3.88,8.408373561084293,0.46144476952801544,18.817999999999998,8.734793070027827,7.637181349774443,5.0,0,1,2,4,1,0.02,1
24.5,30.0,5.5,0.18333333333333332,3.83,3.06,6.685756331039661,0.4576894293609648,11.719800000000001,6.8905041393620206,11.102401633067627,5.0,1,0,4,4,1,0.01,1
23.4,30.0,6.600000000000001,0.22000000000000006,3.77,3.01,6.579129782963977,0.4575073146898705,11.3477,6.7773023420092,11.106332821432837,5.0,1,0,5,4,1,0.02,1
29.9,30.0,0.10000000000000142,0.003333333333333381,3.76,3.01,6.569996581755921,0.45814331294454586,11.317599999999999,6.76761071172338,11.104314614197751,5.0,1,0,10,4,0,0.03,1
24.5,30.0,5.5,0.18333333333333332,3.05,2.44,5.362242239999815,0.4550335271686801,7.441999999999999,5.493156077879455,11.111427228412959,5.0,1,0,5,4,1,0.02,1
37.6,40.0,2.3999999999999986,0.05999999999999996,4.05,3.24,7.068165193748888,0.4583933611038786,13.122,7.297391006977269,7.652265501497214,5.0,0,1,22,4,1,-0.02,0
36.6,40.0,3.3999999999999986,0.08499999999999996,3.97,3.18,6.93118042138191,0.45879630981615466,12.624600000000001,7.151468550056012,7.652944473569118,5.0,0,1,2,4,1,0.01,1
33.8,40.0,6.200000000000003,0.15500000000000008,4.14,3.31,7.219671200516409,0.45846963221306286,13.703399999999998,7.459015618052997,7.656441229132785,5.0,0,1,4,4,1,0.03,1
29.0,30.0,1.0,0.03333333333333333,3.04,2.43,5.342666580607524,0.45482905649030425,7.387200000000001,5.4726150082278835,11.137053139108806,5.0,1,0,5,4,1,0.01,1
28.8,30.0,1.1999999999999993,0.03999999999999997,3.29,2.63,5.775777973995,0.4553499133521708,8.6527,5.9279494556766315,11.130755847590583,5.0,1,0,10,4,0,0.03,1
32.5,40.0,7.5,0.1875,4.66,3.73,8.088581314878883,0.46114390828199914,17.381800000000002,8.390202815876872,7.644718367826506,5.0,0,1,11,4,0,0.02,1
39.8,40.0,0.20000000000000284,0.005000000000000071,4.02,3.21,7.007188765464212,0.4581009742196297,12.904199999999998,7.232421032449795,7.643147441135828,5.0,0,1,18,4,0,0.06,1
32.6,40.0,7.399999999999999,0.18499999999999997,5.11,4.09,8.729009020048917,0.46855261469039927,20.8999,9.085649729867614,7.694037548277235,5.0,0,1,14,4,0,0.04,1
38.5,40.0,1.5,0.0375,4.73,3.78,8.204506460310224,0.46072241130968317,17.8794,8.514997206335932,7.696853343142797,5.0,0,1,18,4,0,0.02,1
39.7,40.0,0.29999999999999716,0.007499999999999929,4.55,3.64,7.895047092573915,0.46104854819976765,16.562,8.18215140668202,7.700661817965242,5.0,0,1,20,4,0,0.01,1
39.5,40.0,0.5,0.0125,4.83,3.86,8.366823709871806,0.46134592216227555,18.6438,8.689972233601887,7.6948025547351335,5.0,0,1,5,4,1,0.06,1
38.3,40.0,1.7000000000000028,0.04250000000000007,5.2,4.16,8.793136812229896,0.4730962441314551,21.632,9.158828271969902,7.710922104580632,5.0,0,1,7,4,0,0.02,1
38.1,40.0,1.8999999999999986,0.047499999999999966,5.6,4.48,9.075321758659417,0.49364640936563053,25.088,9.482101197164354,7.703490635815924,5.0,0,1,6,4,0,-0.02,0
20.6,30.0,9.399999999999999,0.3133333333333333,4.0,3.2,6.977526598784845,0.4586152348824136,12.8,7.20083329133463,11.179258230649172,5.0,1,0,8,4,0,0.01,1
39.2,40.0,0.7999999999999972,0.019999999999999928,5.39,4.31,8.927735289527073,0.48276520979021015,23.230899999999995,9.31276778063409,7.755338812846501,5.0,0,1,16,4,0,0.03,1
37.0,40.0,3.0,0.075,4.74,3.79,8.215013901760893,0.461350406137184,17.9646,8.526319839597113,7.757525794123087,5.0,0,1,8,4,0,0.04,1
29.0,30.0,1.0,0.03333333333333333,3.33,2.66,5.8382649975902146,0.4556148104099307,8.857800000000001,5.993790591780262,11.208951802311562,5.0,1,0,13,4,0,0.06,1
31.8,40.0,8.2,0.205,4.76,3.81,8.247767384771654,0.46194319289782965,18.1356,8.561612238531863,7.730214337522412,5.0,0,1,21,4,1,0.02,1
31.3,40.0,8.7,0.21749999999999997,5.19,4.15,8.786002872670151,0.4723422084130022,21.538500000000003,9.15067558405542,7.734633207294051,5.0,0,1,1,4,1,0.02,1
35.5,40.0,4.5,0.1125,4.18,3.34,7.272268164888585,0.45927899305555525,13.961199999999998,7.515167329897587,7.740381753280226,5.0,0,1,14,4,0,0.02,1
36.8,40.0,3.200000000000003,0.08000000000000007,4.08,3.26,7.11278410834476,0.4583296709618036,13.300799999999999,7.344969346667855,7.769289885679535,5.0,0,1,1,4,1,0.05,1
25.0,30.0,5.0,0.16666666666666666,2.91,2.33,5.114029138798426,0.4556094493719386,6.7803,5.232969696406962,11.258570232412279,5.0,1,0,1,4,1,-0.02,0
38.4,40.0,1.6000000000000014,0.040000000000000036,3.16,2.53,5.542219414613603,0.45649582066869293,7.9948,5.6821861736348245,7.747601156472856,5.0,0,1,7,4,0,0.02,1
38.8,40.0,1.2000000000000028,0.030000000000000072,3.19,2.55,5.598407776610371,0.4554866493744282,8.1345,5.741266337292824,7.733298207566311,5.0,0,1,17,4,0,0.03,1
27.4,30.0,2.6000000000000014,0.08666666666666671,2.42,1.94,4.271140548201691,0.45421122955478765,4.6948,4.353787643987482,11.232733405540921,5.0,1,0,19,4,0,0.02,1
23.1,30.0,6.899999999999999,0.22999999999999995,2.47,1.98,4.364533466702825,0.45365673447242133,4.8906,4.450870942201122,11.235589684572592,5.0,1,0,23,4,1,0.03,1
35.2,40.0,4.799999999999997,0.11999999999999993,2.81,2.25,4.94070410000621,0.4554006786193029,6.3225,5.051633654985616,7.7676026354330805,5.0,0,1,17,5,0,0.02,1
39.5,40.0,0.5,0.0125,3.12,2.49,5.472204609645848,0.4550268452336158,7.768800000000001,5.60860850300666,7.770539743333151,5.0,0,1,2,5,1,0.05,1
26.9,30.0,3.1000000000000014,0.10333333333333337,2.28,1.83,4.0353338540825785,0.45349407661737207,4.1724,4.109028529335103,11.302413794453123,5.0,1,0,0,5,1,0.02,1
25.2,30.0,4.800000000000001,0.16000000000000003,2.46,1.97,4.350730863218422,0.45279748666013936,4.8462,4.436517831311695,11.288280662341963,5.0,1,0,20,5,0,0.02,1
15.3,40.0,24.7,0.6174999999999999,3.2,2.56,5.612930274742666,0.45608975609756125,8.192,5.75653204045367,7.73155784542113,5.0,0,1,2,5,1,-0.01,0
35.0,40.0,5.0,0.125,3.03,2.42,5.3227176042306095,0.45465496761964835,7.332599999999999,5.451695958804448,7.75043391573523,5.0,0,1,11,5,0,0.01,1
39.5,40.0,0.5,0.0125,2.96,2.37,5.202246720040227,0.4555723954556453,7.0152,5.325375234924081,7.753855279364278,5.0,0,1,7,5,0,0.02,1
26.2,30.0,3.8000000000000007,0.12666666666666668,2.27,1.81,4.006074994390707,0.45181380841206326,4.1087,4.078695480560481,11.30309292771569,5.0,1,0,13,5,0,0.02,1
36.3,40.0,3.700000000000003,0.09250000000000007,2.8,2.24,4.936824555910057,0.45373295620125137,6.272,5.047568367360186,7.745613006914262,5.0,0,1,1,5,1,0.02,1
19.6,30.0,10.399999999999999,0.3466666666666666,2.09,1.67,3.6946948535828694,0.45199943870345477,3.4902999999999995,3.756377882258668,11.300541323057443,5.0,1,0,7,5,0,0.02,1
18.8,30.0,11.2,0.3733333333333333,2.16,1.73,3.82955428277848,0.45174970042331464,3.7368,3.8958628625826024,11.275013520810596,5.0,1,0,15,5,0,0.01,1
23.9,30.0,6.100000000000001,0.2033333333333334,2.23,1.78,3.9370674298650488,0.45211316080024905,3.9694,4.007185584234478,11.278574216398919,5.0,1,0,16,5,0,0.02,1
35.9,40.0,4.100000000000001,0.10250000000000004,2.94,2.35,5.167863632430569,0.45473336123901154,6.909,5.289353543136252,7.722372024923095,5.0,0,1,17,5,0,0.01,1
29.6,30.0,0.3999999999999986,0.013333333333333286,2.27,1.82,4.021192249743688,0.4526020858903245,4.1314,4.0943665147996455,11.284746130356362,5.0,1,0,18,5,0,0.08,1
34.5,40.0,5.5,0.1375,2.9,2.32,5.100575641937777,0.45485062135429893,6.728,5.2188760158476635,7.7260273664709835,5.0,0,1,0,5,1,0.04,1
21.2,40.0,18.8,0.47000000000000003,3.1,2.48,5.446973977496706,0.45529866862696977,7.688,5.582101529230473,7.693144300441847,5.0,0,1,8,5,0,-0.05,0
13.5,40.0,26.5,0.6625,3.02,2.41,5.299958737733446,0.4547205212828975,7.278200000000001,5.42781289042405,7.685758181442548,5.0,0,1,13,5,0,-0.01,0
15.7,40.0,24.3,0.6075,3.63,2.91,6.353942280675929,0.45798338597599536,10.5633,6.53859039611548,7.686580030741452,5.0,0,1,17,5,0,-0.03,0
38.9,40.0,1.1000000000000014,0.027500000000000035,3.22,2.58,5.655186791572042,0.4562183523000494,8.3076,5.800995811270042,7.673692778257388,5.0,0,1,12,5,0,-0.05,0
39.2,40.0,0.7999999999999972,0.019999999999999928,3.7,2.96,6.4766732324136544,0.45702475542322524,10.952,6.668620702696555,7.656942470424755,5.0,0,1,18,5,0,-0.03,0
36.4,40.0,3.6000000000000014,0.09000000000000004,3.28,2.63,5.761032377001962,0.4565153999999997,8.626399999999999,5.912429819458042,7.656427039401893,5.0,0,1,10,5,0,0.07,1
27.6,30.0,2.3999999999999986,0.07999999999999995,2.35,1.88,4.150305222376671,0.45297873271195666,4.418,4.22829965625597,11.251360810729254,5.0,1,0,14,5,0,0.01,1
17.1,30.0,12.899999999999999,0.42999999999999994,2.27,1.81,4.004892833479811,0.4519471744334565,4.1087,4.077470097463604,11.2210251750018,5.0,1,0,8,5,0,0.03,1
35.8,40.0,4.200000000000003,0.10500000000000007,3.2,2.56,5.618282902453686,0.455655232114062,8.192,5.762168136183372,7.623099277299131,5.0,0,1,13,5,0,0.04,1
30.1,40.0,9.899999999999999,0.24749999999999997,4.01,3.2,6.986066217425457,0.4580546333812566,12.832,7.209932386269948,7.660279244310071,5.0,0,1,10,5,0,0.03,1
39.9,40.0,0.10000000000000142,0.0025000000000000356,3.42,2.74,6.000694042799304,0.4566138484077417,9.370800000000001,6.165116157462649,7.6514101954593565,5.0,0,1,22,5,1,0.02,1
39.3,40.0,0.7000000000000028,0.01750000000000007,3.5,2.8,6.121256527021634,0.45742242424242446,9.799999999999999,6.292456203074723,7.648620620750179,5.0,0,1,0,5,1,0.07,1
25.4,30.0,4.600000000000001,0.15333333333333338,2.37,1.89,4.1821120321747,0.45192476563503226,4.4793,4.261317663307263,11.248302150770243,5.0,1,0,4,5,1,0.04,1
39.2,40.0,0.7999999999999972,0.019999999999999928,3.45,2.76,6.051012343820572,0.4561220244111009,9.522,6.218245278184662,7.6346224947446455,5.0,0,1,18,5,0,0.02,1
38.1,40.0,1.8999999999999986,0.047499999999999966,3.66,2.93,6.401863453211742,0.45767924002347354,10.7238,6.589358997288278,7.6347191742858795,5.0,0,1,22,5,1,0.03,1
28.0,40.0,12.0,0.3,3.76,3.01,6.567457531938792,0.4583204360837963,11.317599999999999,6.764905785888859,7.637489900984338,5.0,0,1,1,5,1,-0.03,0
31.6,40.0,8.399999999999999,0.20999999999999996,3.43,2.74,6.0019347379845716,0.45651945907697133,9.398200000000001,6.166429104730879,7.631732298334521,5.0,0,1,14,5,0,0.02,1
36.9,40.0,3.1000000000000014,0.07750000000000004,3.5,2.8,6.135149610628443,0.45638658838071705,9.799999999999999,6.307131580486096,7.626706649223616,5.0,0,1,17,5,0,0.02,1
24.1,30.0,5.899999999999999,0.19666666666666663,3.09,2.47,5.4261976024947085,0.45519905114852643,7.6323,5.560291847921503,11.200704084842943,5.0,1,0,4,5,1,0.02,1
28.1,40.0,11.899999999999999,0.2975,4.57,3.66,7.9346969557797635,0.46126525315298855,16.726200000000002,8.224758964902088,7.598679991688983,5.0,0,1,7,5,0,-0.02,0
25.8,30.0,4.199999999999999,0.13999999999999999,3.18,2.54,5.583870503124466,0.4548816091954027,8.077200000000001,5.725972876152316,11.202668895137428,5.0,1,0,8,5,0,0.02,1
27.0,40.0,13.0,0.325,4.52,3.62,7.858833322847147,0.4606281684936568,16.362399999999997,8.1432669354677,7.597918010501123,5.0,0,1,9,5,0,-0.01,0
31.7,40.0,8.3,0.20750000000000002,4.3,3.44,7.484360060764006,0.4596251345567738,14.792,7.741893377646345,7.5968392157362805,5.0,0,1,12,5,0,-0.03,0
34.3,40.0,5.700000000000003,0.14250000000000007,3.89,3.11,6.78957993821906,0.45805484703016375,12.0979,7.0008326561732,7.597707360645542,5.0,0,1,14,5,0,0.04,1
38.5,40.0,1.5,0.0375,4.65,3.72,8.067880349109924,0.46108765115863465,17.298000000000002,8.367935955655467,7.60395280251199,5.0,0,1,8,5,0,0.02,1
34.0,40.0,6.0,0.15,4.37,3.5,7.608367623600653,0.4600198325253411,15.295,7.874644270146463,7.60935662218864,5.0,0,1,6,5,0,0.02,1
29.1,30.0,0.8999999999999986,0.029999999999999954,2.35,1.88,4.150684679403183,0.4529373212398107,4.418,4.22869325727761,11.206429787977983,5.0,1,0,14,5,0,0.01,1
32.9,40.0,7.100000000000001,0.17750000000000005,8.3,5.0,9.524026521451844,0.524988038277512,41.5,10.000239240173213,7.421751869913501,5.0,0,1,11,6,0,-0.08,0
26.0,30.0,4.0,0.13333333333333333,5.44,4.36,8.964660556433234,0.4863541650633018,23.718400000000003,9.355077845093643,11.02501054192898,5.0,1,0,16,6,0,0.02,1
32.3,40.0,7.700000000000003,0.19250000000000006,8.13,5.0,9.52337035777484,0.5250242101440505,40.650000000000006,9.999515820563103,7.409911431244281,5.0,0,1,18,6,0,-0.01,0
36.6,40.0,3.3999999999999986,0.08499999999999996,7.55,5.0,9.5241402058992,0.5249817717827198,37.75,10.000364577636804,7.4059454100724995,5.0,0,1,0,6,1,-0.03,0
33.8,40.0,6.200000000000003,0.15500000000000008,7.79,5.0,9.523642404248855,0.5250092126274409,38.95,9.999815750846022,7.395248814225017,5.0,0,1,10,6,0,-0.03,0
38.9,40.0,1.1000000000000014,0.027500000000000035,7.48,5.0,9.523584375978867,0.5250124115675809,37.400000000000006,9.999751774810113,7.384883468170169,5.0,0,1,21,6,1,0.03,1
31.3,40.0,8.7,0.21749999999999997,5.85,4.68,9.250734208061061,0.5059057902584492,27.377999999999997,9.684018001107022,7.4158491749750075,5.0,0,1,7,6,0,0.03,1
34.8,40.0,5.200000000000003,0.13000000000000006,4.82,3.86,8.358737338971379,0.4617922352941179,18.6052,8.681233516169923,7.417286064807186,5.0,0,1,4,6,1,0.03,1
29.3,30.0,0.6999999999999993,0.02333333333333331,3.13,2.5,5.495176208585639,0.4549444649461852,7.824999999999999,5.632744666402535,11.066381298053615,5.0,1,0,14,6,0,0.1,1
37.0,40.0,3.0,0.075,4.3,3.44,7.475914383989646,0.4601443814507928,14.792,7.732862699251328,7.4838966217891505,5.0,0,1,3,6,1,0.02,1
28.8,30.0,1.1999999999999993,0.03999999999999997,3.03,2.43,5.332523655076471,0.4556941810631598,7.3629,5.461972897267016,11.098091606857963,5.0,1,0,5,6,1,0.03,1
26.1,30.0,3.8999999999999986,0.12999999999999995,3.05,2.44,5.35456698662583,0.4556857736758955,7.441999999999999,5.4851018546670804,11.094071119743049,5.0,1,0,22,6,1,0.02,1
25.1,30.0,4.899999999999999,0.16333333333333327,2.84,1.42,2.2416784645679977,0.6334539151999453,4.0328,2.2735317149569325,11.064291861460685,11.0,1,0,2,6,1,0.03,1
27.4,30.0,2.6000000000000014,0.08666666666666671,2.87,2.3,5.054201862565599,0.4550669052289258,6.601,5.170344094758883,11.066544607947003,5.0,1,0,5,6,1,0.04,1
25.9,30.0,4.100000000000001,0.13666666666666671,3.44,2.75,6.027639613346258,0.4562316555739355,9.459999999999999,6.1935621034917085,11.040830690804215,5.0,1,0,15,6,0,0.02,1
25.1,40.0,14.899999999999999,0.37249999999999994,5.02,4.02,8.668767702557156,0.4637337321675098,20.180399999999995,9.016971658575052,7.430665587909144,5.0,0,1,16,6,0,0.05,1
34.6,40.0,5.399999999999999,0.13499999999999995,4.62,3.69,8.013073813986049,0.4604974427615356,17.0478,8.308992677316072,7.44330668552007,5.0,0,1,21,6,1,-0.04,0
25.8,30.0,4.199999999999999,0.13999999999999999,2.81,1.4,2.378589418075283,0.5885841370356628,3.9339999999999997,2.3493048862983312,11.070703681472802,5.0,1,0,0,6,1,0.03,1
38.7,40.0,1.2999999999999972,0.03249999999999993,4.63,2.31,3.455209178352059,0.6685557605232285,10.6953,3.4763598204395665,7.44734327141578,5.0,0,1,1,6,1,0.02,1
28.8,30.0,1.1999999999999993,0.03999999999999997,3.05,2.44,5.35366974317848,0.45576214392174463,7.441999999999999,5.484160238707422,11.050985238934048,5.0,1,0,2,6,1,0.01,1
31.5,40.0,8.5,0.2125,4.41,3.53,7.675774551274738,0.45988844206136337,15.5673,7.946878772814442,7.432318113717221,5.0,0,1,4,6,1,0.02,1
39.4,40.0,0.6000000000000014,0.015000000000000036,4.28,2.14,3.352162237244183,0.638393922651935,9.1592,3.4229857749883195,7.433719730240913,5.0,0,1,6,6,0,0.02,1
37.7,40.0,2.299999999999997,0.057499999999999926,4.28,3.42,7.449171169521007,0.45911147994467566,14.6376,7.704238692872358,7.432010323059789,5.0,0,1,9,6,0,0.01,1
39.2,40.0,0.7999999999999972,0.019999999999999928,4.62,2.31,3.6101186880454716,0.63986815936255,10.6722,3.694327514644844,7.4375302249065385,5.0,0,1,11,6,0,0.01,1
38.5,40.0,1.5,0.0375,4.5,3.6,7.82102277495258,0.46029785407725365,16.2,8.10265683683405,7.453191003343726,5.0,0,1,11,6,0,0.02,1
39.8,40.0,0.20000000000000284,0.005000000000000071,5.04,2.52,3.8412632031060157,0.6560341915550977,12.700800000000001,3.929287849094999,7.455778416767461,5.0,0,1,14,6,0,0.02,1
39.4,40.0,0.6000000000000014,0.015000000000000036,4.65,2.32,3.450648169206283,0.6723374526281088,10.788,3.515224530695229,7.453845724748402,5.0,0,1,18,6,0,0.03,1
35.4,40.0,4.600000000000001,0.11500000000000003,4.65,3.72,8.063721096970788,0.4613254792998053,17.298000000000002,8.363446232498696,7.4508350982774605,5.0,0,1,20,6,0,0.06,1
28.3,30.0,1.6999999999999993,0.05666666666666664,2.75,1.38,2.170945234221744,0.6356678087711928,3.795,2.2008064606004747,11.062065579337817,5.0,1,0,20,6,0,0.02,1
21.1,30.0,8.899999999999999,0.29666666666666663,2.81,2.24,4.940117355400497,0.4534305237812316,6.2944,5.051017982533801,11.055830005677253,5.0,1,0,23,6,1,0.04,1
38.4,40.0,1.6000000000000014,0.040000000000000036,3.86,1.93,3.026581378820181,0.6376831673868126,7.4498,3.084938683728587,7.4532605516276496,5.0,0,1,19,6,0,0.02,1
37.9,40.0,2.1000000000000014,0.05250000000000003,3.86,3.08,6.733658163322708,0.45740367647058894,11.8888,6.941391410260119,7.452489454399309,5.0,0,1,22,6,1,0.02,1
18.8,40.0,21.2,0.53,4.64,3.71,8.057634143934422,0.4604329178674353,17.214399999999998,8.356914925642721,7.4151149031049535,5.0,0,1,11,6,0,0.01,1
39.9,40.0,0.10000000000000142,0.0025000000000000356,4.09,3.27,7.125013071819486,0.45894652641878636,13.3743,7.3580320983950855,7.41863090149817,5.0,0,1,21,6,1,0.01,1
